{
    "targets": [
        "swap"
    ],
    "passes": [
        {
            "name": "color_convolve2",
            "intarget": "minecraft:main",
            "outtarget": "swap",
            "uniforms": [
                {
                    "name": "ColorScale",
                    "values": [ 1.0, 0.8, 0.8 ]
                },
				{
                    "name": "Saturation",
                    "values": [ 1.1 ]
                }
            ]
        },
        {
            "name": "blit",
            "intarget": "swap",
            "outtarget": "minecraft:main"
        }
    ]
}
